WISEA J132323.34-015941.8,200.84726,-1.99497,0.350287,1734.7623760215072
WISEA J095207.63+255257.3,148.0318,25.88261,0.338663,1667.801251343544
3C 294,211.68342,34.19031,1.784,12604.967729964806
4C+37.11,61.45526,38.05895,0.055046,229.23534010722466
LBQS 0103-2753,16.3948,-27.6161,0.848,5031.174445358351
MRK 739,174.12223,21.59611,0.029771,121.71817327592206
WISEA J004527.24+413254.8,11.36354,41.54858,0.22,1017.8476014670056
NGC 6240,253.24529,2.40093,0.024307,98.97516346946776
SDSS J150243.09+111557.3,225.67955,11.26593,0.390608,1971.2759487953
UGC 08850,209.01196,18.37208,0.050802,210.91853174331
SDSS J150243.09+111557.3,225.67955,11.26593,0.390608,1971.2759487953
2MASX J09120164+5320369,138.0069,53.34349,0.101728,437.53969766937325
PKS 2330+005,353.30483,0.81991,0.169897,763.2204168822952
SDSS J113721.36+612001.2,174.33899,61.33365,0.111154,481.08526314356004
WISEA J110851.03+065901.2,167.21265,6.98368,0.181612,821.635454361051
WISEA J124358.35-005845.4,190.99315,-0.9793,0.409155,2082.2150473596957
WISEA J135251.17+654113.1,208.21325,65.687,0.206444,947.7317695115051
WISEA J143016.03+230344.2,217.56679,23.06228,0.081054,343.7613197556072
OJ 287,133.70365,20.10851,0.3056,1480.4378130089428
3c 75,44.42333,6.02606,0.023153,94.19483882623724
4C+37.11,61.45526,38.05895,0.055046,229.23534010722466
WISEA J110851.03+065901.2,167.21265,6.98368,0.181612,821.635454361051
ABELL 0400,44.41409,6.00947,0.024287,98.89224708041712
NGC 1128,44.42333,6.02606,0.023153,94.19483882623724
OJ 287,133.70365,20.10851,0.3056,1480.4378130089428
ARP 220,233.73836,23.50368,0.018398,74.5827583865901
MESSIER 087,187.70593,12.39112,0.004283,17.176883888252824
OJ 287,133.70365,20.10851,0.3056,1480.4378130089428
ARP 220,233.73836,23.50368,0.018398,74.5827583865901
3C 273,187.27792,2.05239,0.158339,706.2756804765564
OJ 287,133.70365,20.10851,0.3056,1480.4378130089428
LBQS 0103-2753,16.3948,-27.6161,0.848,5031.174445358351
ARP 220,233.73836,23.50368,0.018398,74.5827583865901
MRK 0501,253.46757,39.76017,0.032983,135.17127151849135
NGC 6240,253.24529,2.40093,0.024307,98.97516346946776
NGC 6240,253.24529,2.40093,0.024307,98.97516346946776
UGC 01841,35.79755,42.99205,0.02092,84.96773153702121
UGC 01841,35.79755,42.99205,0.02092,84.96773153702121
3C 294,211.68342,34.19031,1.784,12604.967729964806
ICRF J040549.2+380332,61.45526,38.05895,0.055046,229.23534010722466
UGC 01841,35.79755,42.99205,0.02092,84.96773153702121
3C 345,250.74504,39.81028,0.593415,3250.8714297418246
3c 75,44.42333,6.02606,0.023153,94.19483882623724
ABELL 0400,44.41409,6.00947,0.024287,98.89224708041712
4C+37.11,61.45526,38.05895,0.055046,229.23534010722466
4C+37.11,61.45526,38.05895,0.055046,229.23534010722466
OJ287,133.70365,20.10851,0.3056,1480.4378130089428
MRK 0463,209.01196,18.37208,0.050802,210.91853174331
RE J1034+396,158.66082,39.64118,0.043073,177.83234114979572
4C37.11,61.45526,38.05895,0.055046,229.23534010722466
SDSS J153636.22+044127.0,234.15093,4.69084,0.388938,1961.3521397605903
SDSS J153636.22+044127.0,234.15093,4.69084,0.388938,1961.3521397605903
2MASS J11021567+2907253,165.5653,29.1237,0.10598,457.1222088384355
2MASX J07472979+3440185,116.87407,34.67164,0.129727,568.3063791733662
2MASX J08084123+4813522,122.17182,48.23108,0.123545,539.0676874637231
2MASX J09442761+1447174,146.115,14.78809,0.077341,327.1739242966877
2MASX J11312609-0204593,172.8587,-2.0831,0.146286,647.6296803896712
2MASX J11484015-0216370,177.16718,-2.27698,0.084795,360.5528268411026
2MASX J12352497+0608111,188.85395,6.13638,0.094204,403.1336035201056
2MASX J13520776+0525555,208.03225,5.43218,0.079035,334.7319586025596
3C223.1,145.3501,39.74496,0.1075,464.1467335714572
B2 1515+34 NED01,229.2887,33.88997,0.135154,594.1430635103196
CGCG 040-049,177.61735,4.69498,0.04021,165.66595379789368
MCG +11-11-032,133.80242,64.39595,0.036207,148.7366625384419
NGC 5245,204.3468,3.89746,0.023045,93.74787177652082
NGC 5929,231.52577,41.67065,0.008506,34.22390326697597
SDSS J143434.58+140548.3,218.64413,14.09676,0.069666,293.1358626832424
WISEA J153315.32+575001.9,233.31384,57.83387,0.067183,282.19620151230737
WISEA J160024.34+264035.5,240.10146,26.67655,0.089907,383.62572367340965
SDSS J160524.59+152233.6,241.35246,15.376,0.042,173.26691482440995
UGC 04229,121.92082,39.00424,0.023345,94.9896209576506
WISEA J000249.07+004504.6,0.70447,0.75128,0.086754,369.3773453507876
WISEA J000656.85+154847.9,1.73689,15.81331,0.12498,545.8364023684314
WISEA J013555.83+143529.6,23.98263,14.59158,0.071875,302.898083383224
WISEA J014209.01-005049.9,25.53758,-0.84722,0.132549,581.7216282573752
WISEA J015605.10-000721.5,29.02127,-0.12265,0.080964,343.3583298378318
WISEA J073509.50+403624.3,113.78961,40.60677,0.102879,442.830748789521
WISEA J074953.38+451454.6,117.47244,45.24851,0.031509,128.98991769578802
WISEA J075223.34+273643.1,118.09728,27.61199,0.069081,290.5552646736911
WISEA J080218.65+304622.8,120.57774,30.77302,0.076633,324.0199143512448
WISEA J080418.23+305157.1,121.07597,30.86589,0.14547,643.6867661900892
WISEA J081430.11+265730.1,123.6255,26.95837,0.078708,333.2717285449703
WISEA J082107.87+502115.7,125.2828,50.35439,0.095356,408.38109582971344
WISEA J085416.75+502631.9,133.56983,50.44221,0.095706,409.9768522443004
WISEA J085841.75+104121.9,134.67398,10.68944,0.148029,656.063579619026
WISEA J095528.88+383827.2,148.87036,38.6409,0.061109,255.5850409810598
WISEA J095833.20-005118.6,149.63834,-0.85518,0.085965,365.8206111386829
WISEA J101143.92+325943.5,152.93301,32.99542,0.129966,569.4408872085976
WISEA J101348.45+002014.7,153.45188,0.33743,0.117145,509.01529401867543
WISEA J102325.56+324348.4,155.85654,32.73011,0.12701,555.4306067755298
WISEA J104813.05+442710.5,162.05441,44.45292,0.139668,615.7526989917999
WISEA J105653.36+331945.6,164.22236,33.32936,0.051178,212.53706523131382
WISEA J110821.80+591852.0,167.09086,59.31445,0.085756,364.87904744273635
WISEA J110832.01+195128.1,167.13338,19.85782,0.10312,443.93953338236315
WISEA J110957.13+020138.6,167.48806,2.0274,0.063379,265.5053237690462
WISEA J111042.35+030033.9,167.67649,3.00943,0.107676,464.9609207769998
WISEA J111054.89+012936.0,167.72873,1.49334,0.129501,567.2338623907029
WISEA J111201.79+275053.8,168.0075,27.84829,0.047406,196.337669494024
WISEA J111333.36+165712.0,168.38901,16.95334,0.05349,222.5075224620185
WISEA J111803.15+062657.7,169.51316,6.44939,0.127735,558.8624804562475
WISEA J112659.53+294442.9,171.74806,29.74526,0.101838,438.0450417005654
WISEA J113630.60+135848.9,174.12754,13.98027,0.081689,346.6059419170791
WISEA J114048.00+445208.3,175.20003,44.869,0.069248,291.2917477506346
WISEA J114249.91+102700.4,175.708,10.45013,0.11858,515.7342889789377
WISEA J114610.03-022619.0,176.54183,-2.43864,0.122484,534.0702304434101
WISEA J115249.33+190300.2,178.20558,19.05008,0.096677,414.40751062085764
WISEA J115548.52+110158.8,178.95217,11.033,0.104796,451.6592911732318
WISEA J120320.66+131931.4,180.83608,13.32541,0.058371,243.65926580464372
WISEA J120357.34+280856.8,180.98894,28.14913,0.069253,291.31380061214855
WISEA J120802.08+230430.6,182.00871,23.07517,0.073623,310.64281888058247
WISEA J121311.38+650818.6,183.29742,65.13852,0.135591,596.2303556967914
WISEA J121527.45+000109.1,183.8644,0.01921,0.100224,430.6369892227493
WISEA J123538.60+050221.5,188.91084,5.03932,0.065225,273.5946235697859
WISEA J125049.47+074618.0,192.70613,7.77169,0.050303,208.77181123960264
WISEA J131235.91+500416.1,198.14964,50.07114,0.115746,502.4756400454389
WISEA J131515.93+213403.4,198.81638,21.56763,0.070119,295.1355217544871
WISEA J132323.34-015941.8,200.84726,-1.99497,0.350287,1734.7623760215072
WISEA J133804.62+264209.4,204.51833,26.70171,0.106463,459.3529654270349
WISEA J142039.61+495906.7,215.16506,49.9852,0.063237,264.8838854944378
WISEA J143132.85+435807.1,217.88688,43.96866,0.095973,411.1946455832524
WISEA J145217.27+511050.2,223.07196,51.18063,0.075802,320.3216046760254
WISEA J145801.58+274251.7,224.50661,27.71438,0.118376,514.7784326292119
WISEA J150053.91+382349.6,225.22466,38.39712,0.145294,642.8367929091396
WISEA J150452.34+321414.9,226.2181,32.23749,0.112606,487.83649029564396
WISEA J151659.17+051751.2,229.24657,5.29756,0.051163,212.47248020605699
WISEA J153217.19+453225.4,233.07164,45.54041,0.071174,299.79712793860494
WISEA J153217.19+453225.4,233.07164,45.54041,0.071174,299.79712793860494
WISEA J155205.93+043317.1,238.02474,4.55477,0.08029,340.341842889718
WISEA J155619.29+094855.4,239.08039,9.81541,0.067965,285.63773159096894
WISEA J160436.21+500958.2,241.1509,50.16619,0.14639,648.1324602093139
WISEA J160636.72+342754.5,241.653,34.46515,0.054652,227.53042992513832
WISEA J161006.41+210735.3,242.52672,21.12648,0.13718,603.828638996188
WISEA J162939.58+240856.0,247.41495,24.1489,0.059347,247.90538977315663
WISEA J163316.04+262716.4,248.31684,26.45456,0.071163,299.7484905910983
WISEA J165206.14+310707.5,253.02561,31.11876,0.074995,316.73387374007916
WISEA J225420.98-005134.2,343.58745,-0.85951,0.079526,336.92567720736474
WISEA J230442.83-093345.5,346.17846,-9.56264,0.032187,131.83155794775286
SDSSJ092712.65+294344.0,141.80276,29.72895,0.697219,3956.1879143694705
SDSS J153636.22+044127.0,234.15093,4.69084,0.388938,1961.3521397605903
SDSS J0927+2943,141.80276,29.72895,0.697219,3956.1879143694705
PKS 2155-304,329.71694,-30.22559,0.1167,506.9339772587921
4C+37.11,61.45526,38.05895,0.055046,229.23534010722466
NGC 1128,44.42333,6.02606,0.023153,94.19483882623724
NGC 6240,253.24529,2.40093,0.024307,98.97516346946776
UGC 08850,209.01196,18.37208,0.050802,210.91853174331
SDSS J153636.22+044127.0,234.15093,4.69084,0.388938,1961.3521397605903
2MASX J11312609-0204593,172.8587,-2.0831,0.146286,647.6296803896712
SDSS J114642.47+511029.6,176.67698,51.17486,0.129904,569.1465502823096
WISEA J110851.03+065901.2,167.21265,6.98368,0.181612,821.635454361051
WISEA J133226.36+060628.2,203.10985,6.10785,0.207004,950.610561406013
2MASX J08084123+4813522,122.17182,48.23108,0.123545,539.0676874637231
3C 316,229.23575,18.50609,5.499643,48665.53377150777
B2 1515+34 NED01,229.2887,33.88997,0.135154,594.1430635103196
B2 1714+31,259.19755,31.06755,0.275209,1312.389138355032
FBQS J0909+3124,137.44934,31.41211,0.264247,1252.7856117832598
FBQS J120240.6+263138,180.6695,26.52742,0.475928,2492.2500225466842
FBQS J124813.8+362423,192.05761,36.40655,0.206942,950.2917625223396
FBQS J1718+3042,259.70957,30.70045,0.281894,1349.003181292925
SBS 1503+543,226.15699,54.19715,0.305384,1479.2291313886512
SBS 1513+554,228.82622,55.25983,0.513281,2728.5222300149776
SDSS J082857.99+074255.7,127.24166,7.71549,0.554269,2993.148149151658
SDSS J090615.92+121845.6,136.56638,12.31269,0.642784,3582.4918759780508
SDSS J102038.74+212806.5,155.16145,21.46849,0.137338,604.5848973712709
SDSS J103752.23+312500.3,159.46766,31.41677,0.159952,714.1813689938549
SDSS J124504.19+372300.1,191.26749,37.38338,0.279523,1335.9942082240611
SDSS J131611.76+310500.2,199.04904,31.0834,0.376743,1889.2161145439723
SDSS J150243.09+111557.3,225.67955,11.26593,0.390608,1971.2759487953
WISEA J011802.98-082647.2,19.5123,-8.44649,0.13699,602.9193900164804
WISEA J012613.34+142014.0,21.55559,14.33725,0.573197,3117.1695110330948
WISEA J020011.52-093126.2,30.04801,-9.52395,0.359589,1788.7466138721472
WISEA J072554.42+374437.1,111.47678,37.74364,0.633657,3520.6477392813053
WISEA J074129.67+392835.8,115.37365,39.47663,0.210162,966.8735633697296
WISEA J074953.38+451454.6,117.47244,45.24851,0.031509,128.98991769578802
WISEA J080315.66+483603.1,120.81526,48.60087,0.634979,3529.5907332924553
WISEA J081507.42+430427.0,123.78093,43.07417,0.509838,2706.5454121867315
WISEA J081542.53+063522.9,123.92721,6.58972,0.242663,1137.0356258958632
WISEA J082357.81+391631.0,125.99089,39.27528,0.16622,745.0298129104526
WISEA J084049.47+272704.9,130.20613,27.45138,0.13556,596.0822534118754
WISEA J090246.94+012029.0,135.69559,1.34139,0.514213,2734.4780496401268
WISEA J090958.31+085542.2,137.49298,8.9284,0.158173,705.4628405825948
WISEA J091110.19+140632.7,137.79248,14.10909,0.387342,1951.8782443262116
WISEA J091459.25+210219.7,138.7469,21.03881,0.13331,585.3465654434168
WISEA J091649.40+000031.5,139.20586,0.00876,0.222373,1030.2128632031147
WISEA J091654.09+521722.9,139.22538,52.28971,0.219387,1014.6577738830816
WISEA J092152.46+515348.3,140.46859,51.89676,0.587805,3213.6469906813186
WISEA J092455.24+051052.2,141.2302,5.18117,0.149455,662.9754568262597
WISEA J094100.81+143614.4,145.25339,14.60402,0.383957,1931.8178076498668
WISEA J094144.83+575123.5,145.43679,57.85655,0.158551,707.3139727972182
WISEA J094205.82+125433.7,145.52428,12.90936,0.15423,686.1974961503523
WISEA J094236.68+192541.2,145.65284,19.42812,0.539146,2894.8752122667474
WISEA J095207.63+255257.3,148.0318,25.88261,0.338663,1667.801251343544
WISEA J100145.30+283330.6,150.43875,28.55851,0.113469,491.8545621899192
WISEA J100708.01+242039.0,151.78339,24.34418,0.543552,2923.4306381391184
WISEA J101034.28+372514.7,152.64284,37.42076,0.282302,1351.2442872760505
WISEA J101241.21+215556.1,153.17174,21.93227,0.110932,480.0540677995184
WISEA J102004.36+324342.5,155.0182,32.72848,0.48451,2546.110257483291
WISEA J102045.58+030307.2,155.18995,3.05201,0.534845,2867.060921006382
WISEA J102727.89+305902.3,156.86624,30.984,0.124462,543.3917804668788
WISEA J103138.67+380651.7,157.91115,38.11436,0.491805,2592.0941175777457
WISEA J103326.92+284750.9,158.3622,28.79748,0.591125,3235.664875477924
WISEA J104257.95+385347.2,160.74147,38.89646,0.106718,460.53121218125807
WISEA J105104.53+625159.3,162.76889,62.8665,0.436474,2248.0005625384665
WISEA J111013.20+053338.8,167.55501,5.56079,0.152706,678.7729643334965
WISEA J111710.07+333950.2,169.292,33.66397,0.127755,558.9571928652855
WISEA J112019.62+130320.0,170.08177,13.05557,0.313807,1526.5113581184928
WISEA J112319.21+302825.5,170.83004,30.47375,0.522408,2786.97160148904
WISEA J112507.34+023719.0,171.28059,2.62196,0.260867,1234.5177493571352
WISEA J112634.85+455935.7,171.64524,45.99325,0.278725,1331.6214727785066
WISEA J112939.78+605743.2,172.41579,60.96202,0.111952,484.79422056003045
WISEA J113021.00+022211.5,172.58751,2.36987,0.240835,1127.3318611543052
WISEA J113045.36+505509.2,172.68901,50.91923,0.59224,3243.0669531335716
WISEA J113105.06+610405.1,172.77112,61.06809,0.338573,1667.2849791415174
WISEA J113257.85+604653.5,173.24106,60.78155,0.232556,1083.5803949593032
WISEA J114852.66+151415.8,177.21944,15.23773,0.113384,491.45862706314904
WISEA J114908.49+144547.0,177.28541,14.76308,0.595491,3264.6706630947
WISEA J115106.69+471157.7,177.7779,47.19937,0.317393,1546.73376712556
WISEA J115523.73+150756.8,178.84892,15.13246,0.287309,1378.8076036614004
WISEA J115713.06+515511.7,179.30446,51.91992,0.564349,3059.054980563735
WISEA J115714.95+081631.5,179.31231,8.27544,0.201753,923.6771018688466
WISEA J120343.22+283557.7,180.93012,28.59938,0.373853,1872.2072326377456
WISEA J120526.07+321314.2,181.35866,32.22061,0.485568,2552.767942368378
WISEA J120704.51+384024.9,181.7688,38.67359,0.57178,3107.8461002897975
WISEA J120725.58+460205.2,181.85661,46.0348,0.214007,986.740016437491
WISEA J121607.34-021417.8,184.03061,-2.23829,0.10061,432.40736629892206
WISEA J121659.93+323106.0,184.24975,32.51833,0.125074,546.2801760539828
WISEA J121756.48+380022.6,184.48535,38.0063,0.214027,986.8435406494245
WISEA J121911.16+042905.8,184.79651,4.48497,0.555975,3004.2800272355225
WISEA J122709.84+124854.6,186.791,12.81518,0.194655,887.4857914166685
WISEA J123605.45-014119.1,189.02274,-1.68864,0.211642,974.5119632431667
WISEA J123915.39+531414.4,189.81416,53.23736,0.201624,923.0171381352058
WISEA J124046.69+512901.9,190.19455,51.48387,0.597991,3281.3055158749644
WISEA J124859.72-025730.8,192.24884,-2.95857,0.487728,2566.372212675429
WISEA J124928.36+353926.9,192.36819,35.65749,0.528476,2825.98370882628
WISEA J125327.50+254747.6,193.3646,25.79656,0.484682,2547.192339338282
WISEA J125439.37+021100.9,193.66405,2.18359,0.404059,2051.601489990413
WISEA J130724.07+460401.4,196.8503,46.06707,0.352957,1750.2216443251616
WISEA J131018.47+250329.6,197.57696,25.05823,0.313044,1522.2157042890806
WISEA J131642.87+175332.8,199.17864,17.89244,0.150347,667.3044305272579
WISEA J132318.80+030807.1,200.82837,3.13532,0.268929,1278.176385297654
WISEA J132701.41+202306.1,201.75589,20.38504,0.571212,3104.1105931907387
WISEA J132855.78+213532.5,202.23244,21.59237,0.135439,595.5042257038203
WISEA J133226.36+060628.2,203.10985,6.10785,0.207004,950.610561406013
WISEA J133455.23+612042.0,203.73013,61.34501,0.495071,2612.7405899440255
WISEA J134415.75+331719.1,206.06563,33.28864,0.686286,3880.480560208564
WISEA J135024.66+240251.4,207.60276,24.04761,0.557817,3016.3096861625563
WISEA J140209.36+621025.8,210.53903,62.17384,0.329757,1616.8770760206557
WISEA J140318.11+164959.6,210.8255,16.83325,0.455113,2362.693082143918
WISEA J140500.14+073014.1,211.25062,7.50394,0.13498,593.312250827998
WISEA J140646.11+234821.0,211.69213,23.80584,0.518271,2760.4439160493694
WISEA J140816.01+015528.5,212.06673,1.9246,0.166081,744.3435212654623
WISEA J140923.52-012430.5,212.34803,-1.40848,0.404908,2056.6948567692007
WISEA J141316.05+020346.9,213.31691,2.06303,0.506566,2685.6969786367704
WISEA J141431.06-003042.8,213.62943,-0.51192,0.138,607.7549657262609
WISEA J141445.97+370202.1,213.69158,37.03393,0.259002,1224.4603747616238
WISEA J143135.43-011159.8,217.89764,-1.19995,0.560594,3034.4658910818084
WISEA J144012.76+615633.1,220.05319,61.94254,0.275541,1314.20278716616
WISEA J144102.37+390114.4,220.25991,39.02069,0.176071,793.9192989896358
WISEA J144105.64+180507.9,220.27353,18.08555,0.106669,460.3047761981954
WISEA J144157.24+094859.1,220.48853,9.81643,0.220261,1019.2062989087763
WISEA J144541.31+334107.8,221.42213,33.68551,0.13126,575.5886821505246
WISEA J145110.04+490813.7,222.79187,49.13715,0.155999,694.8307703403251
WISEA J145336.32+204357.6,223.40134,20.73268,0.116247,504.81635029534
WISEA J145408.36+240521.4,223.53484,24.08928,0.534891,2867.3580820556813
WISEA J145538.77+401913.1,223.91155,40.32032,0.460931,2398.750449839065
WISEA J145717.69+110412.3,224.32375,11.07011,0.461686,2403.438476102403
WISEA J150125.57+111356.6,225.35654,11.2324,0.151596,673.3729579808844
WISEA J151735.18+214532.5,229.39659,21.75904,0.399741,2025.7395136777807
WISEA J151757.36+114452.7,229.489,11.74798,0.226835,1053.5366296829789
WISEA J151842.93+244025.9,229.67889,24.67387,0.561018,3037.2401724163187
WISEA J151944.92+191353.3,229.93718,19.23148,0.244589,1147.2765378744052
WISEA J152117.30+075955.3,230.32209,7.99872,0.462661,2409.495556211511
WISEA J152327.57+262940.6,230.86489,26.49463,0.23637,1103.6958212684644
WISEA J152431.39+323750.7,231.13082,32.63075,0.62893,3488.7120785055167
WISEA J152506.63+022425.1,231.27763,2.40698,0.337472,1660.9719765346342
WISEA J153231.80+420342.7,233.13252,42.06188,0.209474,963.3263707658097
WISEA J153301.42+070513.7,233.25595,7.08714,0.35377,1754.9346915559945
WISEA J153423.17+540809.0,233.59656,54.13585,0.214953,991.6388341357415
WISEA J153423.17+540809.0,233.59656,54.13585,0.214953,991.6388341357415
WISEA J153944.13+343504.1,234.93389,34.58449,0.55144,2974.7089419734993
WISEA J154040.52+185402.7,235.16886,18.90076,0.137345,604.6184055570017
WISEA J154107.81+203608.8,235.28256,20.60247,0.508089,2695.396704072824
WISEA J154637.12+122832.4,236.65468,12.47569,0.398941,2020.9559150706107
WISEA J154713.92+103359.7,236.80801,10.5666,0.637488,3546.5773137078277
WISEA J155634.16+105616.8,239.14236,10.93802,0.448847,2323.9953209570317
WISEA J155645.97+241828.5,239.19155,24.30793,0.219931,1017.4884603791438
WISEA J160659.59+083514.6,241.7483,8.58739,0.187283,850.1621128795749
WISEA J161027.41+130806.7,242.61422,13.13521,0.229168,1065.7695510895269
WISEA J161141.97+495847.9,242.92488,49.97997,0.116318,505.14817828126604
WISEA J161826.93+081950.7,244.61223,8.33075,0.446286,2308.219900719613
WISEA J161847.93+215925.4,244.69972,21.99041,0.334448,1643.6587113514076
WISEA J161925.51+161032.9,244.85631,16.17582,0.134102,589.1224498065823
WISEA J162345.20+080851.1,245.93835,8.14754,0.199232,910.7945215636563
WISEA J165603.67+261722.2,254.01529,26.28951,0.467024,2436.641619589308
WISEA J170056.01+243928.2,255.23339,24.65784,0.508635,2698.875985727018
WISEA J171544.02+600835.5,258.93343,60.1432,0.156857,699.02393768664
WISEA J171930.56+293412.8,259.87736,29.57025,0.180519,816.155968544431
WISEA J172507.11+274038.2,261.27964,27.67729,0.490272,2582.415667119978
WISEA J210449.13-000919.0,316.20473,-0.15529,0.135403,595.3322655625017
UGC 01841,35.79755,42.99205,0.02092,84.96773153702121
SDSS J153636.22+044127.0,234.15093,4.69084,0.388938,1961.3521397605903
B2 1515+34 NED01,229.2887,33.88997,0.135154,594.1430635103196
NGC 5929,231.52577,41.67065,0.008506,34.22390326697597
WISEA J000249.07+004504.6,0.70447,0.75128,0.086754,369.3773453507876
WISEA J095833.20-005118.6,149.63834,-0.85518,0.085965,365.8206111386829
WISEA J105653.36+331945.6,164.22236,33.32936,0.051178,212.53706523131382
WISEA J110957.13+020138.6,167.48806,2.0274,0.063379,265.5053237690462
WISEA J115249.33+190300.2,178.20558,19.05008,0.096677,414.40751062085764
WISEA J150452.34+321414.9,226.2181,32.23749,0.112606,487.83649029564396
WISEA J151659.17+051751.2,229.24657,5.29756,0.051163,212.47248020605699
WISEA J155619.29+094855.4,239.08039,9.81541,0.067965,285.63773159096894
WISEA J160024.34+264035.5,240.10146,26.67655,0.089907,383.62572367340965
3C454.3,343.49062,16.14821,0.859,5111.706892610102
2MASX J13564607+1026088,209.1921,10.43576,0.123134,537.1310990416083
SDSS J114642.47+511029.6,176.67698,51.17486,0.129904,569.1465502823096
SDSS J150243.09+111557.3,225.67955,11.26593,0.390608,1971.2759487953
WISEA J095207.63+255257.3,148.0318,25.88261,0.338663,1667.801251343544
WISEA J110851.03+065901.2,167.21265,6.98368,0.181612,821.635454361051
WISEA J115523.73+150756.8,178.84892,15.13246,0.287309,1378.8076036614004
WISEA J115714.95+081631.5,179.31231,8.27544,0.201753,923.6771018688466
WISEA J123915.39+531414.4,189.81416,53.23736,0.201624,923.0171381352058
WISEA J124037.82+353437.4,190.15761,35.57707,0.160558,717.1549950998791
WISEA J124859.72-025730.8,192.24884,-2.95857,0.487728,2566.372212675429
WISEA J130724.07+460401.4,196.8503,46.06707,0.352957,1750.2216443251616
WISEA J133226.36+060628.2,203.10985,6.10785,0.207004,950.610561406013
WISEA J151735.18+214532.5,229.39659,21.75904,0.399741,2025.7395136777807
WISEA J154107.81+203608.8,235.28256,20.60247,0.508089,2695.396704072824
WISEA J165206.14+310707.5,253.02561,31.11876,0.074995,316.73387374007916
WISEA J172049.25+310646.3,260.20521,31.11287,0.095127,407.33738488033964
2MASX J11312609-0204593,172.8587,-2.0831,0.146286,647.6296803896712
2MASX J13564607+1026088,209.1921,10.43576,0.123134,537.1310990416083
SDSS J114642.47+511029.6,176.67698,51.17486,0.129904,569.1465502823096
WISEA J000249.07+004504.6,0.70447,0.75128,0.086754,369.3773453507876
WISEA J011659.56-102539.1,19.24818,-10.42753,0.15027,666.9305768834766
WISEA J013546.94-005858.6,23.94559,-0.98295,0.159462,711.7783406515935
WISEA J013555.83+143529.6,23.98263,14.59158,0.071875,302.898083383224
WISEA J015605.10-000721.5,29.02127,-0.12265,0.080964,343.3583298378318
WISEA J040001.58-065254.2,60.00661,-6.88174,0.17067,767.0533515152467
WISEA J083713.50+150037.2,129.30625,15.01034,0.14075,620.9485601890341
WISEA J085121.94+132702.2,132.84143,13.45062,0.093121,398.20717175070223
WISEA J095833.20-005118.6,149.63834,-0.85518,0.085965,365.8206111386829
WISEA J103850.14+025555.3,159.70893,2.93203,0.076189,322.04343255390364
WISEA J110851.03+065901.2,167.21265,6.98368,0.181612,821.635454361051
WISEA J114610.03-022619.0,176.54183,-2.43864,0.122484,534.0702304434101
WISEA J133226.36+060628.2,203.10985,6.10785,0.207004,950.610561406013
WISEA J134114.86+221957.8,205.31193,22.33274,0.115186,499.86089558518273
WISEA J155205.93+043317.1,238.02474,4.55477,0.08029,340.341842889718
WISEA J163056.76+164957.0,247.73653,16.83252,0.034267,140.5664305442549
WISEA J230442.83-093345.5,346.17846,-9.56264,0.032187,131.83155794775286
WISEA J171544.02+600835.5,258.93343,60.1432,0.156857,699.02393768664
WISEA J095207.63+255257.3,148.0318,25.88261,0.338663,1667.801251343544
WISEA J020011.52-093126.2,30.04801,-9.52395,0.359589,1788.7466138721472
WISEA J095207.63+255257.3,148.0318,25.88261,0.338663,1667.801251343544
WISEA J124859.72-025730.8,192.24884,-2.95857,0.487728,2566.372212675429
WISEA J130724.07+460401.4,196.8503,46.06707,0.352957,1750.2216443251616
4C+37.11,61.45526,38.05895,0.055046,229.23534010722466
NGC 3393,162.09777,-25.16204,0.012786,51.61272587309726
WISEA J093201.60+031858.8,143.00669,3.31634,0.419231,2143.0357029349366
NGC 5256,204.57413,48.27642,0.027863,113.75602481633017
LBQS 0103-2753,16.3948,-27.6161,0.848,5031.174445358351
WISEA J095207.63+255257.3,148.0318,25.88261,0.338663,1667.801251343544
WISEA J171544.02+600835.5,258.93343,60.1432,0.156857,699.02393768664
NGC 4151,182.63575,39.40585,0.003326,13.329021993154992
2MASS J09195453+3255597,139.97724,32.93325,0.049166,203.88584337317232
2MASS J10220736-0004154,155.53068,-0.07096,0.125497,548.2777467799012
SDSS J095900.09+293337.5,149.75041,29.56045,0.17884,807.7504643931354
SDSS J100602.13+071130.9,151.50891,7.19195,0.121837,531.0257566807779
UGC 08836,208.63423,58.39616,0.060803,254.2500522222307
WISEA J000249.07+004504.6,0.70447,0.75128,0.086754,369.3773453507876
WISEA J000249.48+004506.7,0.70598,0.75191,0.086525,368.344674705399
WISEA J081422.97+033628.3,123.59572,3.60787,0.170731,767.3559510710145
WISEA J081705.21+032146.3,124.27175,3.36286,0.093227,398.6890631540212
WISEA J090012.31+183436.9,135.05126,18.57689,0.080397,340.8205493509747
WISEA J090012.68+183439.3,135.05286,18.5776,0.081158,344.22705417125906
WISEA J100602.47+071132.3,151.5103,7.19233,0.120512,524.7980062166208
WISEA J101455.17+003337.0,153.72972,0.56041,0.186942,848.4422303009144
RBS 797,146.80322,76.38718,0.3541,1756.848506169227
WISEA J095656.42+535023.3,149.2351,53.83983,0.607349,3343.7397538484615
WISEA J002444.11+003221.2,6.18382,0.53925,0.402271,2040.8838595056911
WISEA J093502.53+433110.6,143.76056,43.51962,0.457521,2377.6020842891603
WISEA J075700.68+424814.5,119.25285,42.80405,1.172142,7505.507899751461
WISEA J004918.98+002609.2,12.32911,0.43591,1.945696,14020.848157437344
WISEA J032223.02-000803.4,50.59592,-0.13429,0.619928,3428.0740400975674
WISEA J161609.50+434146.7,244.03961,43.69631,0.494131,2606.794504283025
WISE J233237.05-505643.5,353.15445,-50.94547,0.3447,1702.508344947558
WISEA J220243.29+421639.9,330.68038,42.27777,0.0668,280.5119281515091
ARP 220,233.73836,23.50368,0.018398,74.5827583865901
MRK 273,206.17546,55.88685,0.03734,153.5186217106219
NGC 6240,253.24529,2.40093,0.024307,98.97516346946776
WISEA J120136.03+300305.4,180.40016,30.05152,0.146,646.2473290593747
WISEA J120136.03+300305.4,180.40016,30.05152,0.146,646.2473290593747
SDSS J150243.09+111557.3,225.67955,11.26593,0.390608,1971.2759487953
WISEA J003833.14+412850.6,9.6381,41.48074,0.072483,305.5899214692503
2MASX J00383316+4128509,9.6381,41.48074,0.072483,305.5899214692503
WISEA J092712.66+294344.2,141.80276,29.72895,0.697219,3956.1879143694705
WISEA J171544.02+600835.5,258.93343,60.1432,0.156857,699.02393768664
FBQS J2216+0124,334.20281,1.40742,2.063,15062.297120264562
2MASS J08413487+0101540,130.39533,1.03167,0.1105,478.04819124975114
2MASX J13564607+1026088,209.1921,10.43576,0.123134,537.1310990416083
WISEA J095207.63+255257.3,148.0318,25.88261,0.338663,1667.801251343544
WISEA J112659.53+294442.9,171.74806,29.74526,0.101838,438.0450417005654
WISEA J123915.39+531414.4,189.81416,53.23736,0.201624,923.0171381352058
Mrk 231,194.05931,56.87368,0.04217,173.9897807218005
MESSIER 087,187.70593,12.39112,0.004283,17.176883888252824
MESSIER 087,187.70593,12.39112,0.004283,17.176883888252824
2MASX J13564607+1026088,209.1921,10.43576,0.123134,537.1310990416083
2MASX J14480417+1825381,222.01739,18.42725,0.03784,155.6313601980808
SDSS J090615.92+121845.6,136.56638,12.31269,0.642784,3582.4918759780508
SDSS J091646.02+283526.7,139.19181,28.59076,0.142328,628.5373597356254
SDSS J114642.47+511029.6,176.67698,51.17486,0.129904,569.1465502823096
SDSS J150243.09+111557.3,225.67955,11.26593,0.390608,1971.2759487953
WISEA J020011.52-093126.2,30.04801,-9.52395,0.359589,1788.7466138721472
WISEA J072554.42+374437.1,111.47678,37.74364,0.633657,3520.6477392813053
WISEA J080315.66+483603.1,120.81526,48.60087,0.634979,3529.5907332924553
WISEA J081507.42+430427.0,123.78093,43.07417,0.509838,2706.5454121867315
WISEA J083713.50+150037.2,129.30625,15.01034,0.14075,620.9485601890341
WISEA J085841.75+104121.9,134.67398,10.68944,0.148029,656.063579619026
WISEA J085841.75+104121.9,134.67398,10.68944,0.148029,656.063579619026
WISEA J090246.94+012029.0,135.69559,1.34139,0.514213,2734.4780496401268
WISEA J092455.24+051052.2,141.2302,5.18117,0.149455,662.9754568262597
WISEA J094032.27+311328.5,145.13446,31.22459,0.169957,763.5178186786287
WISEA J094236.68+192541.2,145.65284,19.42812,0.539146,2894.8752122667474
WISEA J095207.63+255257.3,148.0318,25.88261,0.338663,1667.801251343544
WISEA J095942.61+261914.1,149.92754,26.32059,0.051306,213.08824441511894
WISEA J102325.56+324348.4,155.85654,32.73011,0.12701,555.4306067755298
WISEA J104257.95+385347.2,160.74147,38.89646,0.106718,460.53121218125807
WISEA J105104.53+625159.3,162.76889,62.8665,0.436474,2248.0005625384665
WISEA J110851.03+065901.2,167.21265,6.98368,0.181612,821.635454361051
WISEA J115106.69+471157.7,177.7779,47.19937,0.317393,1546.73376712556
WISEA J115523.73+150756.8,178.84892,15.13246,0.287309,1378.8076036614004
WISEA J115714.95+081631.5,179.31231,8.27544,0.201753,923.6771018688466
WISEA J120320.66+131931.4,180.83608,13.32541,0.058371,243.65926580464372
WISEA J120343.22+283557.7,180.93012,28.59938,0.373853,1872.2072326377456
WISEA J123915.39+531414.4,189.81416,53.23736,0.201624,923.0171381352058
WISEA J124037.82+353437.4,190.15761,35.57707,0.160558,717.1549950998791
WISEA J124046.69+512901.9,190.19455,51.48387,0.597991,3281.3055158749644
WISEA J124046.69+512901.9,190.19455,51.48387,0.597991,3281.3055158749644
WISEA J124859.72-025730.8,192.24884,-2.95857,0.487728,2566.372212675429
WISEA J130128.76-005804.3,195.36984,-0.96788,0.245623,1152.7816644788047
WISEA J130724.07+460401.4,196.8503,46.06707,0.352957,1750.2216443251616
WISEA J133226.36+060628.2,203.10985,6.10785,0.207004,950.610561406013
WISEA J135024.66+240251.4,207.60276,24.04761,0.557817,3016.3096861625563
WISEA J140318.11+164959.6,210.8255,16.83325,0.455113,2362.693082143918
WISEA J140318.11+164959.6,210.8255,16.83325,0.455113,2362.693082143918
WISEA J140646.11+234821.0,211.69213,23.80584,0.518271,2760.4439160493694
WISEA J140646.11+234821.0,211.69213,23.80584,0.518271,2760.4439160493694
WISEA J143135.43-011159.8,217.89764,-1.19995,0.560594,3034.4658910818084
WISEA J145408.36+240521.4,223.53484,24.08928,0.534891,2867.3580820556813
WISEA J145717.69+110412.3,224.32375,11.07011,0.461686,2403.438476102403
WISEA J150125.57+111356.6,225.35654,11.2324,0.151596,673.3729579808844
WISEA J151735.18+214532.5,229.39659,21.75904,0.399741,2025.7395136777807
WISEA J151842.93+244025.9,229.67889,24.67387,0.561018,3037.2401724163187
WISEA J152117.30+075955.3,230.32209,7.99872,0.462661,2409.495556211511
WISEA J152117.30+075955.3,230.32209,7.99872,0.462661,2409.495556211511
WISEA J152327.57+262940.6,230.86489,26.49463,0.23637,1103.6958212684644
WISEA J152327.57+262940.6,230.86489,26.49463,0.23637,1103.6958212684644
WISEA J152431.39+323750.7,231.13082,32.63075,0.62893,3488.7120785055167
WISEA J153301.42+070513.7,233.25595,7.08714,0.35377,1754.9346915559945
WISEA J154107.81+203608.8,235.28256,20.60247,0.508089,2695.396704072824
WISEA J155619.29+094855.4,239.08039,9.81541,0.067965,285.63773159096894
WISEA J155634.16+105616.8,239.14236,10.93802,0.448847,2323.9953209570317
WISEA J155634.16+105616.8,239.14236,10.93802,0.448847,2323.9953209570317
WISEA J155645.97+241828.5,239.19155,24.30793,0.219931,1017.4884603791438
WISEA J155645.97+241828.5,239.19155,24.30793,0.219931,1017.4884603791438
WISEA J160659.59+083514.6,241.7483,8.58739,0.187283,850.1621128795749
WISEA J161027.41+130806.7,242.61422,13.13521,0.229168,1065.7695510895269
WISEA J162345.20+080851.1,245.93835,8.14754,0.199232,910.7945215636563
WISEA J162939.58+240856.0,247.41495,24.1489,0.059347,247.90538977315663
WISEA J165206.14+310707.5,253.02561,31.11876,0.074995,316.73387374007916
WISEA J165603.67+261722.2,254.01529,26.28951,0.467024,2436.641619589308
WISEA J165603.67+261722.2,254.01529,26.28951,0.467024,2436.641619589308
WISEA J172049.25+310646.3,260.20521,31.11287,0.095127,407.33738488033964
WISEA J210449.13-000919.0,316.20473,-0.15529,0.135403,595.3322655625017
WISEA J210449.13-000919.0,316.20473,-0.15529,0.135403,595.3322655625017
SDSS J115822.58+323102.2,179.59408,32.51728,0.16573,742.6109530353823
[HB89] 1553+113,238.92935,11.1901,0.49,2580.6992649456884
AO 0235+164,39.66221,16.61647,0.94,5712.771657216349
AO 0235+164,39.66221,16.61647,0.94,5712.771657216349
S5 0716+714,110.4727,71.34343,0.2304,1072.2399126629566
RBS 797,146.80322,76.38718,0.3541,1756.848506169227
MRK 421,166.11381,38.20883,0.030021,122.76305121990552
[HB89] 0316-346,49.52702,-34.44333,0.26619,1263.3105212445455
2MASS J04352649-1643460,68.86044,-16.72948,0.098258,421.6328198998303
3C 298.0,214.78408,6.47633,1.436208,9649.286519429532
4C 50.43,262.765,50.12611,1.107,6992.826311979027
BZQJ0842+4525,130.56397,45.42894,1.408116,9416.670677118953
BZQJ2156-2012,329.14065,-20.20858,1.309,8604.25070438472
CSO 67,165.8643,29.80285,0.9,5414.211047326157
FBQS J081740.1+232731,124.41721,23.45876,0.890877,5346.5863362203
FBQS J172354.2+374841,260.97626,37.81148,0.828441,4888.653504216738
HE 1408-1003,212.66783,-10.29159,0.882,5280.956090608252
HS 0423+0658,66.62538,7.09169,0.17,763.7309679515389
HS 0926+3608,142.46741,35.91385,2.144842,15795.48872423733
HS 0946+4845,147.50307,48.52482,0.589215,3222.993860985745
HS 1630+2355,248.26108,23.82459,0.821014,4834.763982492127
HS 1715+2131,259.33328,21.4709,0.59,3228.2002387069865
HS 2219+1944,335.58803,19.99654,0.20864,959.0295247460533
KUV 09484+3557,147.84972,35.71358,0.398421,2017.8478991978593
MCG 5-40-026,255.28242,29.40683,0.036102,148.2938848442934
MS 10548-0335,164.34281,-3.85891,0.55,2965.3329282643176
ICRF J130533.0-103319,196.38756,-10.5554,0.277831,1326.7260813708933
PGC 3096192,192.62118,6.60292,0.131952,578.8800517064759
PKS B0157+011,30.01641,1.41999,1.17,7488.539549588133
QNZ3:54,229.52761,1.52617,1.400693,9355.373703083482
RX J024252.3-232633,40.71632,-23.44267,0.68,3837.0983855680183
SBS 0920+590,140.99493,58.81842,0.709017,4038.2433575445507
SBS 1027+555,157.60399,55.27295,0.434697,2237.1323106290683
SDSS J014350.13+141453.0,25.95892,14.24809,1.436438,9651.195173098997
SDSS J072908.71+400836.6,112.28635,40.14355,0.074042,312.50184758787253
SDSS J080237.60+340446.3,120.65664,34.07953,1.119908,7093.854632093293
SDSS J080648.65+184037.0,121.70295,18.67715,0.74459,4287.854707244269
SDSS J080809.56+311519.1,122.03987,31.25531,2.642701,20357.57400299986
SDSS J081133.43+065558.1,122.88925,6.93288,1.26596,8255.705701673565
SDSS J081617.73+293639.6,124.0739,29.61102,0.769272,4462.93297574095
SDSS J082121.88+250817.5,125.34121,25.13826,1.9094,13700.970636985667
SDSS J082716.85+490534.0,126.82025,49.09289,0.68215,3851.924298245621
SDSS J082827.84+400333.9,127.11603,40.05942,0.969088,5931.931592565927
SDSS J082926.01+180020.7,127.35845,18.00584,0.809992,4755.025156318448
SDSS J083349.55+232809.0,128.4565,23.46917,1.156892,7384.862298816619
SDSS J084146.19+503601.1,130.44246,50.60025,0.555191,2999.163175022773
SDSS J091554.50+352949.6,138.97708,35.49717,0.895699,5382.30758108697
SDSS J092911.35+203708.5,142.29733,20.61907,1.848986,13171.1383238015
SDSS J093819.25+361858.7,144.58023,36.31631,1.677376,11684.948223267062
SDSS J094450.76+151236.9,146.21157,15.21031,2.112779,15507.625903731765
SDSS J094715.56+631716.4,146.8148,63.28792,0.48688,2561.0293546420016
SDSS J102255.21+172155.7,155.73015,17.36557,1.061652,6640.174250093579
SDSS J102349.38+522151.2,155.95578,52.36424,0.956048,5833.474478252806
SDSS J103111.52+491926.5,157.79804,49.32404,1.205439,7770.21245448566
SDSS J104430.25+051857.2,161.12608,5.31592,0.905279,5453.422569578619
SDSS J104758.34+284555.8,161.99309,28.76551,0.793153,4633.754142232505
SDSS J104941.01+085548.4,162.42087,8.93013,1.186872,7622.393027814375
SDSS J110554.78+322953.7,166.47823,32.49826,0.150504,668.0667996332768
SDSS J113050.21+261211.4,172.70926,26.20317,1.010539,6247.101452960598
SDSS J113916.47+254412.6,174.81865,25.73688,1.009787,6241.35444086865
SDSS J114438.34+262609.4,176.15975,26.43601,0.973461,5965.024550326613
SDSS J114749.70+163106.7,176.95706,16.51857,0.554178,2992.554621664175
SDSS J114857.33+160023.1,177.23892,16.0064,1.230652,7971.796981824553
SDSS J115141.81+142156.6,177.92424,14.36573,1.000315,6169.05802546909
SDSS J115346.39+241829.4,178.44333,24.3082,0.752194,4341.630535292849
SDSS J121018.34+015405.9,182.57644,1.90165,0.215545,994.7066837502396
SDSS J121018.66+185726.0,182.57774,18.95728,1.520777,10355.4735219241
SDSS J121056.83+231912.5,182.73677,23.32016,1.262372,8226.770539888385
SDSS J121457.39+132024.3,183.7391,13.34015,1.490372,10100.579876692736
SDSS J123147.27+101705.3,187.94701,10.28474,1.736436,12193.150668038648
SDSS J123821.84+030024.2,189.59103,3.00674,0.380199,1909.5996120598563
SDSS J124044.49+231045.8,190.18537,23.17942,0.7225,4132.466909618801
SDSS J124119.04+203452.7,190.32935,20.58133,1.494842,10137.983942564233
SDSS J124157.90+130104.1,190.49128,13.0178,1.227266,7944.66859854462
SDSS J125414.23+131348.1,193.5593,13.23004,0.654793,3664.225932368013
SDSS J130040.62+172758.4,195.16922,17.46619,0.863736,5146.462592159709
SDSS J131706.19+271416.7,199.27582,27.23799,2.668187,20595.33402461267
SDSS J131909.08+090814.7,199.78784,9.13744,0.881846,5279.819021926192
SDSS J132103.41+123748.2,200.26424,12.63007,0.686822,3884.1846700365973
SDSS J133127.31+182416.9,202.86382,18.40473,0.936326,5685.211339322647
SDSS J133516.17+183341.4,203.81743,18.5615,1.191043,7655.553034138014
SDSS J133631.45+175613.8,204.13109,17.93717,0.421495,2156.754323959481
SDSS J133654.44+171040.3,204.22685,17.17792,1.232932,7990.073952972866
SDSS J133807.69+360220.3,204.53207,36.03898,1.197763,7709.035379246315
SDSS J134820.42+194831.5,207.0851,19.80876,0.593532,3251.6487853838576
SDSS J134855.27-032141.4,207.23035,-3.36151,2.098684,15381.332371380731
SDSS J135225.80+132853.2,208.10752,13.48148,0.402565,2042.6453118575541
SDSS J140600.26+013252.2,211.50109,1.54786,0.453819,2354.6899564458845
SDSS J141425.92+171811.2,213.60802,17.30314,0.412218,2100.6632329446634
SDSS J142301.96+101500.1,215.7582,10.25004,1.048501,6538.58391044086
SDSS J143621.29+072720.8,219.08872,7.45581,0.890131,5341.064426871952
SDSS J143820.60+055447.9,219.58589,5.91329,0.61406,3388.674610994737
SDSS J144754.62+132610.0,221.97759,13.43616,0.571693,3107.2738712535333
SDSS J144755.57+100040.0,221.98158,10.01115,0.677096,3817.093084836567
SDSS J150450.16+012215.5,226.20902,1.37099,0.966974,5915.947233187044
SDSS J152035.23+095925.2,230.14681,9.99035,1.043871,6502.891830031757
SDSS J152157.02+181018.6,230.48761,18.17186,0.72991,4184.451649922038
SDSS J153636.22+044127.0,234.15093,4.69084,0.388938,1961.3521397605903
SDSS J154409.61+024040.0,236.04006,2.67778,0.96211,5879.203072234695
SDSS J155449.11+084204.8,238.70461,8.70133,0.786223,4584.041742040011
SDSS J155647.78+181531.5,239.19914,18.25881,1.499535,10177.279843816266
SDSS J160730.33+144904.3,241.8764,14.81787,1.801377,12755.968431193847
SDSS J161013.67+311756.4,242.55696,31.29901,0.24539,1151.5407120458926
SDSS J161854.64+230859.1,244.72765,23.14975,0.560953,3036.8148330725367
SDSS J164452.71+430752.2,251.21964,43.13118,1.712983,11990.916324554326
SDSS J165136.76+434741.3,252.90319,43.79477,1.60392,11057.958357019259
SDSS J170616.24+370927.0,256.56773,37.15746,1.26769,8269.663900248112
SDSS J172656.96+600348.5,261.73732,60.06346,0.98895,6082.5384143433175
SDSS J221016.97+122213.9,332.57075,12.37052,0.715644,4084.495571385735
SDSS J224829.47+144418.0,342.12279,14.73834,0.423358,2168.057514568777
UM 211,3.04538,-1.36879,1.999,14492.672064864919
UM 234,5.76316,1.25934,0.728938,4177.624527039992
US 3204,42.37028,1.15682,0.953275,5812.580794879681
WISEA J041146.90+132416.7,62.94542,13.40464,0.277,1322.1788806447335
WISEA J131204.70+064107.6,198.0196,6.68545,0.241827,1132.5958557999654
WISEA J163107.33+560905.3,247.78055,56.15149,0.730856,4191.098487087286
WISEA J221925.15-305407.8,334.85483,-30.90218,0.577963,3148.5739658565403
ICRF J130533.0-103319,196.38756,-10.5554,0.277831,1326.7260813708933
ICRF J130533.0-103319,196.38756,-10.5554,0.277831,1326.7260813708933
ICRF J130533.0-103319,196.38756,-10.5554,0.277831,1326.7260813708933
3C 454.3,343.49062,16.14821,0.859,5111.706892610102
2MASX J11312609-0204593,172.8587,-2.0831,0.146286,647.6296803896712
2MASX J11312609-0204593,172.8587,-2.0831,0.146286,647.6296803896712
WISEA J110851.03+065901.2,167.21265,6.98368,0.181612,821.635454361051
3C 293,208.07434,31.44625,0.045194,186.8768455017756
PG 1553+113,238.92935,11.1901,0.49,2580.6992649456884
PG1553+113,238.92935,11.1901,0.49,2580.6992649456884
NCG 5548,214.49811,25.13685,0.017175,69.56065086191714
2MASX J11312609-0204593,172.8587,-2.0831,0.146286,647.6296803896712
SDSS J114642.47+511029.6,176.67698,51.17486,0.129904,569.1465502823096
WISEA J110851.03+065901.2,167.21265,6.98368,0.181612,821.635454361051
WISEA J133226.36+060628.2,203.10985,6.10785,0.207004,950.610561406013
UM 384,29.79191,1.0874,0.217426,1004.4656096241752
NCG 5548,214.49811,25.13685,0.017175,69.56065086191714
ICRF J095847.2+653354,149.69685,65.56523,0.3694,1846.0645232958939
ICRF J130533.0-103319,196.38756,-10.5554,0.277831,1326.7260813708933
NGC 4151,182.63575,39.40585,0.003326,13.329021993154992
MESSIER 087,187.70593,12.39112,0.004283,17.176883888252824
SDSS J002127.88+010420.2,5.3662,1.07229,1.822254,12937.762905430065
SDSS J014822.62+132142.6,27.09429,13.36183,0.875104,5230.089415969213
SDSS J091344.40+150935.1,138.43505,15.15981,0.942296,5730.008890065622
SDSS J095929.88+633359.8,149.87463,63.56659,1.850328,13182.871691571669
SDSS J103623.66+152733.3,159.09862,15.45928,1.924767,13836.25977947994
SDSS J105611.27+170827.5,164.04699,17.14099,1.341509,8869.249115437939
SDSS J110038.79+282036.1,165.16164,28.34338,1.783153,12597.61497397652
SDSS J125238.51+115557.1,193.16051,11.93251,1.846768,13151.749554653923
SDSS J133615.79+495529.0,204.06608,49.92487,1.49532,10141.985172482102
SDSS J135109.38+320049.0,207.78909,32.01362,1.121552,7106.742106083564
SDSS J135218.49+224708.9,208.07709,22.78581,1.443622,9710.845055788488
SDSS J163600.37+432802.7,249.00154,43.46735,0.940414,5715.878975042858
FBQS J163709.3+414030,249.28881,41.67523,0.76081,4402.738255732406
ESO 509-IG066 NED 02,203.66972,-23.44596,0.033223,136.17896380865642
IRAS 03219+4031,51.30292,40.69944,0.049,203.1731356739575
IRAS 05589+2828,90.54365,28.47201,0.0329,134.82285807737938
MRK 739,174.12223,21.59611,0.029771,121.71817327592206
NGC 3227,155.8774,19.86509,0.003756,15.057247235960382
NGC 6240,253.24529,2.40093,0.024307,98.97516346946776
NGC 835,32.35255,-10.13586,0.012832,51.80022406334925
SDSS J114642.47+511029.6,176.67698,51.17486,0.129904,569.1465502823096
UGC 08850,209.01196,18.37208,0.050802,210.91853174331
WISEA J110851.03+065901.2,167.21265,6.98368,0.181612,821.635454361051
WISEA J112659.53+294442.9,171.74806,29.74526,0.101838,438.0450417005654
4C+37.11,61.45526,38.05895,0.055046,229.23534010722466
PKS 0301-243,45.86043,-24.11984,0.26,1229.840300630485
[HB89] 1553+113,238.92935,11.1901,0.49,2580.6992649456884
[HB89] 1553+113,238.92935,11.1901,0.49,2580.6992649456884
UGC 08850,209.01196,18.37208,0.050802,210.91853174331
WISEA J120320.66+131931.4,180.83608,13.32541,0.058371,243.65926580464372
NGC 0326,14.59474,26.86566,0.0474,196.31196824274073
WISEA J132848.45+275227.9,202.2019,27.87443,0.091144,389.2309621499876
WISEA J132848.45+275227.9,202.2019,27.87443,0.091144,389.2309621499876
PKS 1155+251,179.60745,24.83832,0.202556,927.7870888037427
NGC 7674,351.98626,8.77897,0.02903,118.62335846851255
NGC 7674,351.98626,8.77897,0.02903,118.62335846851255
NGC 7674,351.98626,8.77897,0.02903,118.62335846851255
OJ 287,133.70365,20.10851,0.3056,1480.4378130089428
[HB89] 1553+113,238.92935,11.1901,0.49,2580.6992649456884
WISEA J231051.95-090011.9,347.71646,-9.00332,0.094441,404.21256062396736
WISEA J092455.24+051052.2,141.2302,5.18117,0.149455,662.9754568262597
NGC 6264,254.3172,27.8496,0.03384,138.77115289448307
WISEA J043703.68+245607.0,69.26535,24.93523,0.016262,65.81745260930403
SDSS J124504.19+372300.1,191.26749,37.38338,0.279523,1335.9942082240611
WISEA J095207.63+255257.3,148.0318,25.88261,0.338663,1667.801251343544
WISEA J115714.95+081631.5,179.31231,8.27544,0.201753,923.6771018688466
WISEA J124859.72-025730.8,192.24884,-2.95857,0.487728,2566.372212675429
WISEA J130128.76-005804.3,195.36984,-0.96788,0.245623,1152.7816644788047
WISEA J132318.80+030807.1,200.82837,3.13532,0.268929,1278.176385297654
WISEA J154107.81+203608.8,235.28256,20.60247,0.508089,2695.396704072824
WISEA J161027.41+130806.7,242.61422,13.13521,0.229168,1065.7695510895269
3C 120,68.29623,5.35434,0.03301,135.28461970983744
Ark 120,79.04752,-0.14976,0.032713,134.0380293591356
Mrk 6,103.05136,74.42699,0.019513,79.16929442167338
SBS 1518+593,229.84028,59.13995,0.078091,330.51814842762707
OJ 287,133.70365,20.10851,0.3056,1480.4378130089428
4C+37.11,61.45526,38.05895,0.055046,229.23534010722466
NGC 0326,14.59474,26.86566,0.0474,196.31196824274073
NGC 1128,44.42333,6.02606,0.023153,94.19483882623724
OJ 287,133.70365,20.10851,0.3056,1480.4378130089428
2MASX J11312609-0204593,172.8587,-2.0831,0.146286,647.6296803896712
3c 75,44.42333,6.02606,0.023153,94.19483882623724
4C+37.11,61.45526,38.05895,0.055046,229.23534010722466
ESO 509-IG066 NED 02,203.66972,-23.44596,0.033223,136.17896380865642
IRAS 03219+4031,51.30292,40.69944,0.049,203.1731356739575
IRAS 05589+2828,90.54365,28.47201,0.0329,134.82285807737938
LBQS 0103-2753,16.3948,-27.6161,0.848,5031.174445358351
MRK 739,174.12223,21.59611,0.029771,121.71817327592206
NGC 0326,14.59474,26.86566,0.0474,196.31196824274073
NGC 3227,155.8774,19.86509,0.003756,15.057247235960382
NGC 3393,162.09777,-25.16204,0.012786,51.61272587309726
NGC 5256,204.57413,48.27642,0.027863,113.75602481633017
NGC 6240,253.24529,2.40093,0.024307,98.97516346946776
RSCG 75,221.77754,11.59143,0.02954,120.75303939139151
SDSS J114642.47+511029.6,176.67698,51.17486,0.129904,569.1465502823096
SDSS J114642.47+511029.6,176.67698,51.17486,0.129904,569.1465502823096
SDSS J115822.58+323102.2,179.59408,32.51728,0.16573,742.6109530353823
SDSS J150243.09+111557.3,225.67955,11.26593,0.390608,1971.2759487953
SDSS J162345.20+080851.1,245.93835,8.14754,0.199232,910.7945215636563
UGC 08850,209.01196,18.37208,0.050802,210.91853174331
WISEA J095207.63+255257.3,148.0318,25.88261,0.338663,1667.801251343544
WISEA J102325.56+324348.4,155.85654,32.73011,0.12701,555.4306067755298
WISEA J110851.03+065901.2,167.21265,6.98368,0.181612,821.635454361051
WISEA J110851.03+065901.2,167.21265,6.98368,0.181612,821.635454361051
WISEA J112659.53+294442.9,171.74806,29.74526,0.101838,438.0450417005654
WISEA J133226.36+060628.2,203.10985,6.10785,0.207004,950.610561406013
WISEA J142607.72+353351.2,216.53214,35.56427,1.9504,14062.388462701429
WISEA J171544.02+600835.5,258.93343,60.1432,0.156857,699.02393768664
GSN 069,19.78513,-34.19194,0.0181,73.35821831056299
PSO J334.2028+1.4075,334.20281,1.40742,2.063,15062.297120264562
ICRF J104309.0+240835,160.78765,24.14317,0.561959,3043.3992686493057
WISEA J120320.66+131931.4,180.83608,13.32541,0.058371,243.65926580464372
2MASS J14073718+4428564,211.90492,44.48234,0.142887,631.2288162564217
2MASX J13065342+0735172,196.72337,7.58839,0.111106,480.86227911713945
2MASX J22063506+0003235,331.64618,0.05645,0.046135,190.89802114450765
3c 75,44.42333,6.02606,0.023153,94.19483882623724
4C+37.11,61.45526,38.05895,0.055046,229.23534010722466
CGCG 037-089 NED01,159.133,2.36256,0.050458,209.4384718696315
CGCG 314-006 NED02,166.8053,65.10176,0.032718,134.05901136311005
ESO 509-IG066 NED 02,203.66972,-23.44596,0.033223,136.17896380865642
IRAS 03219+4031,51.30292,40.69944,0.049,203.1731356739575
IRAS 05589+2828,90.54365,28.47201,0.0329,134.82285807737938
KUG 1042+355,161.32527,35.32013,0.067581,283.9473333440025
LBQS 0103-2753,16.3948,-27.6161,0.848,5031.174445358351
MRK 739,174.12223,21.59611,0.029771,121.71817327592206
NGC 0326,14.59474,26.86566,0.0474,196.31196824274073
NGC 3227,155.8774,19.86509,0.003756,15.057247235960382
NGC 5256,204.57413,48.27642,0.027863,113.75602481633017
NGC 6240,253.24529,2.40093,0.024307,98.97516346946776
NGC 7674,351.98626,8.77897,0.02903,118.62335846851255
RSCG 75,221.77754,11.59143,0.02954,120.75303939139151
SDSS J005113.92+002047.0,12.80806,0.34644,0.112368,486.72909387974346
SDSS J114642.47+511029.6,176.67698,51.17486,0.129904,569.1465502823096
SDSS J115822.58+323102.2,179.59408,32.51728,0.16573,742.6109530353823
SDSS J150243.09+111557.3,225.67955,11.26593,0.390608,1971.2759487953
SDSS J223222.41+001226.3,338.09337,0.20731,0.22043,1020.0862433347177
SSTSL2 J022021.16-035920.9,35.08815,-3.98918,3.325138,26841.514561650558
UGC 08850,209.01196,18.37208,0.050802,210.91853174331
WAS 49,183.5742,29.52872,0.063497,266.0218189145311
WISEA J003833.14+412850.6,9.6381,41.48074,0.072483,305.5899214692503
WISEA J095207.63+255257.3,148.0318,25.88261,0.338663,1667.801251343544
WISEA J110851.03+065901.2,167.21265,6.98368,0.181612,821.635454361051
WISEA J112659.53+294442.9,171.74806,29.74526,0.101838,438.0450417005654
WISEA J132323.34-015941.8,200.84726,-1.99497,0.350287,1734.7623760215072
WISEA J142607.72+353351.2,216.53214,35.56427,1.9504,14062.388462701429
WISEA J160636.72+342754.5,241.653,34.46515,0.054652,227.53042992513832
WISEA J162345.20+080851.1,245.93835,8.14754,0.199232,910.7945215636563
WISEA J171544.02+600835.5,258.93343,60.1432,0.156857,699.02393768664
OJ 287,133.70365,20.10851,0.3056,1480.4378130089428
PSO J334.2028+01.4075,334.20281,1.40742,2.063,15062.297120264562
UGC 04229,121.92082,39.00424,0.023345,94.9896209576506
MCG +11-11-032,133.80242,64.39595,0.036207,148.7366625384419
PKS 2247-131,342.49839,-12.85467,0.22,1017.8476014670056
3C 279,194.04653,-5.78931,0.5362,2875.81713712794
KISSR 434,210.93772,29.36228,0.06372,266.99812698894067
SDSS J1048+0055,162.03227,0.92875,0.642579,3581.1001867194022
NGC 3115,151.30824,-7.71858,0.002287,9.157859639309674
[HB89] 1553+113,238.92935,11.1901,0.49,2580.6992649456884
WISEA J101022.95+141301.0,152.59567,14.21695,0.198908,909.1411193458766
WISEA J080523.32+281815.3,121.34719,28.30426,0.128436,562.1834322562286
WISEA J090714.45+520343.0,136.81023,52.06196,0.059551,248.79359851415
ARK 120,79.04752,-0.14976,0.032713,134.0380293591356
AO 0235+164,39.66221,16.61647,0.94,5712.771657216349
OJ 287,133.70365,20.10851,0.3056,1480.4378130089428
UGC 01841,35.79755,42.99205,0.02092,84.96773153702121
Mrk 501,253.46757,39.76017,0.032983,135.17127151849135
NGC 5548,214.49811,25.13685,0.017175,69.56065086191714
Mrk 231,194.05931,56.87368,0.04217,173.9897807218005
OJ 287,133.70365,20.10851,0.3056,1480.4378130089428
ICRF J130533.0-103319,196.38756,-10.5554,0.277831,1326.7260813708933
NGC 4151,182.63575,39.40585,0.003326,13.329021993154992
Ark 120,79.04752,-0.14976,0.032713,134.0380293591356
3C 66B,35.79755,42.99205,0.02092,84.96773153702121
NGC 6240,253.24529,2.40093,0.024307,98.97516346946776
4C31.61,324.47525,31.90522,--,--
WISEA J124135.09+285036.5,190.39624,28.84349,0.06632,278.4022824464759
2MASX J13564607+1026088,209.1921,10.43576,0.123134,537.1310990416083
2MASX J14480417+1825381,222.01739,18.42725,0.03784,155.6313601980808
SDSS J1322+2631SW,200.63275,26.53308,0.14386,635.9175204099636
WISEA J014209.01-005049.9,25.53758,-0.84722,0.132549,581.7216282573752
WISEA J075223.34+273643.1,118.09728,27.61199,0.069081,290.5552646736911
WISEA J084135.08+010155.8,130.39618,1.03219,0.110603,478.5263513866301
WISEA J085416.75+502631.9,133.56983,50.44221,0.095706,409.9768522443004
WISEA J095207.63+255257.3,148.0318,25.88261,0.338663,1667.801251343544
WISEA J100654.18+464717.0,151.72577,46.78807,0.122806,535.5862523462733
WISEA J112659.53+294442.9,171.74806,29.74526,0.101838,438.0450417005654
WISEA J123915.39+531414.4,189.81416,53.23736,0.201624,923.0171381352058
WISEA J160436.21+500958.2,241.1509,50.16619,0.14639,648.1324602093139
UGC 01841,35.79755,42.99205,0.02092,84.96773153702121
2MASSi J0411469+132416,62.94542,13.40464,0.277,1322.1788806447335
2MASXi J0729087+400836,112.28635,40.14355,0.074042,312.50184758787253
RBS 874,157.60399,55.27295,0.434697,2237.1323106290683
ICRF J130533.0-103319,196.38756,-10.5554,0.277831,1326.7260813708933
FBQS J163302.6+234928,248.26108,23.82459,0.821014,4834.763982492127
Mrk 504,255.28242,29.40683,0.036102,148.2938848442934
4C +50.43,262.765,50.12611,1.107,6992.826311979027
NGC 6240,253.24529,2.40093,0.024307,98.97516346946776
2MASX J12501623+0457451,192.56757,4.9625,0.233184,1086.8877982002423
2MASX J13000799+0355572,195.03333,3.93257,0.183985,833.552622849448
3C 196,123.40014,48.21738,0.870359,5195.149175790957
FBQS J100208.1+345353,150.5339,34.89824,0.205223,941.4602958731464
FBQS J103359.4+355509,158.49781,35.9192,0.169015,758.8507346335714
FBQS J124813.8+362423,192.05761,36.40655,0.206942,950.2917625223396
LBQS 1010+0219,153.30063,2.07123,0.22011,1018.420192609833
LCRS B132557.8-021751,202.13576,-2.55596,0.183972,833.4872598777757
PG 1151+117,178.4553,11.47512,0.175654,791.8397499015196
SBS 1220+544,185.80506,54.1518,0.155871,694.2055440675605
SBS 1233+586,188.99076,58.35635,0.211566,974.1194615458056
SBS 1442+517,220.94782,51.5139,0.200464,917.0862609938605
SBS 1517+522,229.78061,52.10163,0.13782,606.89278327505
SBS 1713+580,258.54845,57.97612,0.092621,395.93494621053634
SDSS J080544.13+113040.2,121.434,11.511,0.1991,910.1208507039375
SDSS J114247.79+215709.5,175.69918,21.95266,0.230908,1074.9099872998584
SDSS J114642.47+511029.6,176.67698,51.17486,0.129904,569.1465502823096
SDSS J115822.58+323102.2,179.59408,32.51728,0.16573,742.6109530353823
SDSS J142507.32+323137.4,216.28054,32.52708,0.477854,2504.315158052183
SDSS J150243.09+111557.3,225.67955,11.26593,0.390608,1971.2759487953
WISE J092140.83+293809.7,140.42015,29.63601,0.226181,1050.1120853458174
WISEA J074953.38+451454.6,117.47244,45.24851,0.031509,128.98991769578802
WISEA J081359.30+213512.8,123.4971,21.58689,0.180172,814.4176302821066
WISEA J081542.53+063522.9,123.92721,6.58972,0.242663,1137.0356258958632
WISEA J085431.28-003650.6,133.63035,-0.61406,0.237209,1108.1300128470052
WISEA J085632.41+504114.1,134.13505,50.68727,0.234491,1093.7771867024592
WISEA J090427.30+374357.6,136.11377,37.73267,0.198503,907.075095410479
WISEA J092455.24+051052.2,141.2302,5.18117,0.149455,662.9754568262597
WISEA J092635.09+072446.4,141.64623,7.41289,0.189852,863.1379311884782
WISEA J092820.98+493736.9,142.08745,49.62693,0.238697,1116.0023857771755
WISEA J094439.88+034940.1,146.16619,3.82781,0.155093,690.4071728239464
WISEA J094822.47+684835.3,147.09365,68.80981,0.202129,925.6011841604432
WISEA J095207.63+255257.3,148.0318,25.88261,0.338663,1667.801251343544
WISEA J100627.93+603043.6,151.6164,60.51212,0.209922,965.6359086719607
WISEA J100642.58+412202.0,151.67745,41.36723,0.149511,663.2471084207691
WISEA J102152.34+464515.6,155.46812,46.75436,0.20413,935.852469655661
WISEA J102325.56+324348.4,155.85654,32.73011,0.12701,555.4306067755298
WISEA J103808.63+233133.3,159.53596,23.52592,0.22585,1048.3796465208316
WISEA J103953.90+293847.9,159.97459,29.64664,0.246663,1158.3237663940847
WISEA J104111.96+282805.1,160.29987,28.46811,0.210506,968.648024301325
WISEA J110851.03+065901.2,167.21265,6.98368,0.181612,821.635454361051
WISEA J112659.53+294442.9,171.74806,29.74526,0.101838,438.0450417005654
WISEA J113021.00+022211.5,172.58751,2.36987,0.240835,1127.3318611543052
WISEA J113257.85+604653.5,173.24106,60.78155,0.232556,1083.5803949593032
WISEA J121522.78+414621.3,183.84493,41.77259,0.196322,895.9631131749617
WISEA J122311.45+474426.7,185.79774,47.74076,0.162773,728.0400797864023
WISEA J123341.77+644317.7,188.42404,64.7216,0.222505,1030.9014847600902
WISEA J123509.29+294849.7,188.78874,29.81383,0.243007,1138.863467293351
WISEA J123915.39+531414.4,189.81416,53.23736,0.201624,923.0171381352058
WISEA J124013.07+310243.3,190.05447,31.04537,0.235612,1099.6925774150593
WISEA J124238.37+045616.4,190.65991,4.9379,0.233455,1088.3156144984187
WISEA J124323.83+051446.4,190.8493,5.24624,0.164745,737.7522834664335
WISEA J125051.04+060910.0,192.71271,6.15279,0.182005,823.6071351590435
WISEA J130416.99+020537.0,196.07082,2.09361,0.228426,1061.8761135571297
WISEA J131256.76+163150.5,198.2365,16.53072,0.16501,739.058947824931
WISEA J132105.98+504634.4,200.27494,50.77625,0.233013,1085.9870303570272
WISEA J132323.34-015941.8,200.84726,-1.99497,0.350287,1734.7623760215072
WISEA J132508.60+061112.2,201.28585,6.18673,0.183164,829.4263674961484
WISEA J132931.37+202723.1,202.38074,20.45643,0.231479,1077.9126562133483
WISEA J134327.27+082234.1,205.86365,8.37614,0.242448,1135.8935063322756
WISEA J134615.89+580008.1,206.56621,58.00225,0.162649,727.4300426857571
WISEA J135550.19+204614.5,208.95916,20.77072,0.196537,897.0574715405432
WISEA J140208.86+462414.5,210.53694,46.40403,0.23609,1102.216734612635
WISEA J140914.34+565625.7,212.30976,56.94048,0.23833,1114.0597769936219
WISEA J141053.43+091027.0,212.72266,9.17418,0.17813,804.2003099540104
WISEA J141315.27+290637.7,213.31366,29.1105,0.225288,1045.439363490292
WISEA J141556.83+052029.5,213.98682,5.34155,0.126351,552.3136036855699
WISEA J142040.84+065059.8,215.17019,6.84995,0.237539,1109.8750021901942
WISEA J143422.97+324041.4,218.59573,32.67819,0.245823,1153.8470616802156
WISEA J145434.34+080336.7,223.64312,8.06021,0.129768,568.5009801390976
WISEA J152422.15+264223.6,231.09229,26.70658,0.236137,1102.4649840357733
WISEA J153231.80+420342.7,233.13252,42.06188,0.209474,963.3263707658097
WISEA J154307.78+193751.7,235.78245,19.63105,0.229405,1067.0136945664187
WISEA J154316.42+540526.0,235.81843,54.09058,0.245328,1151.210544194246
WISEA J154518.04+463838.0,236.32517,46.6439,0.228445,1061.9757780361101
WISEA J154732.17+102451.1,236.88405,10.41422,0.138255,608.9766852438167
WISEA J155318.71+170202.9,238.32799,17.03414,0.16115,720.0617564105808
WISEA J155446.72+362141.5,238.69468,36.36153,0.249072,1171.1805356437867
WISEA J160518.48+375653.4,241.32704,37.94818,0.20096,919.62141133095
WISEA J161649.37-004250.4,244.20572,-0.71403,0.237408,1109.1822328832307
WISEA J162345.20+080851.1,245.93835,8.14754,0.199232,910.7945215636563
WISEA J162633.92+480230.2,246.64135,48.04173,0.24252,1136.275959477461
WISEA J164331.91+304835.6,250.88296,30.80989,0.184035,833.804026810671
WISEA J165939.77+183436.7,254.91571,18.57688,0.170849,767.9413615173781
WISEA J171526.52+291923.5,258.8605,29.32322,0.20842,957.8966297363029
WISEA J171544.02+600835.5,258.93343,60.1432,0.156857,699.02393768664
WISEA J212203.82+001119.1,320.51593,0.18865,0.229057,1065.186942895972
WISEA J222909.81+002527.3,337.29091,0.42427,0.227503,1057.0365897211952
WISEA J230155.55-010649.0,345.48147,-1.11362,0.237777,1111.1338280892048
Mrk 231,194.05931,56.87368,0.04217,173.9897807218005
NGC 1068,40.6696,-0.01329,0.003793,15.206008306509743
NGC 5128,201.36506,-43.01911,0.001825,7.305259967373189
3FGL J0449.4-4350,72.35291,-43.83583,0.107,461.8346312357627
ICRF J130533.0-103319,196.38756,-10.5554,0.277831,1326.7260813708933
PG 1553+113,238.92935,11.1901,0.49,2580.6992649456884
4C+37.11,61.45526,38.05895,0.055046,229.23534010722466
SDSS J115822.58+323102.2,179.59408,32.51728,0.16573,742.6109530353823
NGC 3393,162.09777,-25.16204,0.012786,51.61272587309726
ARP 220,233.73836,23.50368,0.018398,74.5827583865901
MRK 273,206.17546,55.88685,0.03734,153.5186217106219
WISEA J132323.34-015941.8,200.84726,-1.99497,0.350287,1734.7623760215072
NGC 6240,253.24529,2.40093,0.024307,98.97516346946776
3C454.3,343.49062,16.14821,0.859,5111.706892610102
3C 215,136.6328,16.76995,0.411058,2093.6724594094444
OJ 287,133.70365,20.10851,0.3056,1480.4378130089428
WISEA J043703.68+245607.0,69.26535,24.93523,0.016262,65.81745260930403
MESSIER 060,190.91665,11.55261,0.003703,14.844171770446454
MESSIER 087,187.70593,12.39112,0.004283,17.176883888252824
NGC 1600,67.91612,-5.08627,0.015712,63.5649631195665
NGC 4886:[WLQ2016] X0001,195.03388,27.97692,0.0215,87.36148172110896
NGC 5062,199.59847,-35.45864,0.010954,44.1559261809177
WISEA J101022.95+141301.0,152.59567,14.21695,0.198908,909.1411193458766
[HB89] 1553+113,238.92935,11.1901,0.49,2580.6992649456884
WISEA J025214.65-002813.8,43.06106,-0.47052,1.5,10181.17486488444
OJ 287,133.70365,20.10851,0.3056,1480.4378130089428
3C 120,68.29623,5.35434,0.03301,135.28461970983744
3C 273,187.27792,2.05239,0.158339,706.2756804765564
MESSIER 077,40.6696,-0.01329,0.003793,15.206008306509743
MESSIER 087,187.70593,12.39112,0.004283,17.176883888252824
NGC 1052,40.26999,-8.25576,0.005204,20.885332033200644
NGC 4151,182.63575,39.40585,0.003326,13.329021993154992
NGC 5128,201.36506,-43.01911,0.001825,7.305259967373189
UGC 05101,143.96499,61.35326,0.039367,162.09286444721175
OJ 287,133.70365,20.10851,0.3056,1480.4378130089428
OJ 287,133.70365,20.10851,0.3056,1480.4378130089428
4FGL J0112.1+2245,18.02427,22.74411,0.36,1791.1399706559127
NGC 5128,201.36506,-43.01911,0.001825,7.305259967373189
NGC 1275,49.95067,41.5117,0.01767,71.59221563476852
[HB89] 2131-021,323.54296,-1.88812,1.285,8409.56639066388
WISEA J025214.65-002813.8,43.06106,-0.47052,1.5,10181.17486488444
KIC 11606854,289.68992,49.63223,0.926,5607.898956709391
S5 1044+71,162.11508,71.72665,1.14,7251.667586015019
NGC 4472,187.44484,8.00048,0.003272,13.112069717363593
NGC 7674,351.98626,8.77897,0.02903,118.62335846851255
NGC 7674,351.98626,8.77897,0.02903,118.62335846851255
WISEA J104827.61+714335.9,162.11508,71.72665,1.14,7251.667586015019
TXS 0506+056,77.35819,5.69315,0.3365,1655.4028391723277
Mrk 501,253.46757,39.76017,0.032983,135.17127151849135
WISEA J025214.65-002813.8,43.06106,-0.47052,1.5,10181.17486488444
SDSS J075217.84+193542.2,118.07435,19.5951,0.117007,508.369736739829
OJ 287,133.70365,20.10851,0.3056,1480.4378130089428
AO 0235+164,39.66221,16.61647,0.94,5712.771657216349
2MASX J12032061+1319316,180.83608,13.32541,0.058371,243.65926580464372
NGC 0326,14.59474,26.86566,0.0474,196.31196824274073
TRG J104454+354055,161.225,35.68194,0.1628,728.172920954373
WISEA J132144.96+033055.8,200.43737,3.51552,0.26889,1277.9644746945853
IRAS 05589+2828,90.54365,28.47201,0.0329,134.82285807737938
WISEA J060211.04+282837.6,90.54602,28.47713,0.0334,136.92235747644548
NGC 6240,253.24529,2.40093,0.024307,98.97516346946776
NGC 6240,253.24529,2.40093,0.024307,98.97516346946776
PSO J334.2028+1.4075,334.20281,1.40742,2.063,15062.297120264562
UGC 4211,121.19325,10.77672,0.035695,146.57821508864697
PKS 0426-380,67.16843,-37.93877,1.11,7016.281494083327
S5 0716+714,110.4727,71.34343,0.2304,1072.2399126629566
UGC 04211,121.19325,10.77672,0.035695,146.57821508864697
ARP 220,233.73836,23.50368,0.018398,74.5827583865901
S5 0716+714,110.4727,71.34343,0.2304,1072.2399126629566
ABELL 0133,15.67375,-21.88194,0.055902,232.94253045163117
OJ 287,133.70365,20.10851,0.3056,1480.4378130089428
E1821+643,275.48844,64.34339,0.297052,1432.7601869889866
Mrk 1018,31.56662,-0.29146,0.042957,177.33845317611045
OJ 287,133.70365,20.10851,0.3056,1480.4378130089428
UGC 01841,35.79755,42.99205,0.02092,84.96773153702121
2MASXi J0729087+400836,112.28635,40.14355,0.074042,312.50184758787253
ICRF J130533.0-103319,196.38756,-10.5554,0.277831,1326.7260813708933
FBQS J163302.6+234928,248.26108,23.82459,0.821014,4834.763982492127
UGC4211,121.19325,10.77672,0.035695,146.57821508864697
XTE J1859+226,284.68302,22.66361,--,--
TXS 0506+056,77.35819,5.69315,0.3365,1655.4028391723277
3C 273,187.27792,2.05239,0.158339,706.2756804765564
PG 1553+113,238.92935,11.1901,0.49,2580.6992649456884
AO 0235+164,39.66221,16.61647,0.94,5712.771657216349
PKS 1222+216,186.22691,21.37955,0.433826,2231.8094665308104
Mrk 501,253.46757,39.76017,0.032983,135.17127151849135
BL Lacertae,330.68038,42.27777,0.0668,280.5119281515091
1ES 2344+514,356.77015,51.70497,0.044,181.78204513987535
IC 1623B,16.9479,-17.50704,0.020304,82.42763534028337
PKS 1510-089,228.21055,-9.09995,0.36,1791.1399706559127
2MASX J08232985+0423327,125.8745,4.39253,0.030823,126.11754961866993
CGCG 036-022,150.39917,3.61325,0.042758,176.4913652111989
CGCG 050-087,236.0151,4.76931,0.041574,171.4562495766754
CGCG 158-011 NED01,181.18846,31.19232,0.024997,101.83725700239674
CGCG 224-064 NED01,247.76142,39.79252,0.028881,118.00145234787531
CGCG 224-065,247.76417,39.83854,0.030538,124.92504800401487
FBQS J103853.3+392150,159.72206,39.3642,0.054787,228.1144976116989
FBQS J145838.6+382728,224.6608,38.4578,0.135799,597.2242065492636
IC 0505,125.84032,4.37252,0.031063,127.1221390837818
IC 2810E,171.45623,14.66834,0.033899,139.0191474983707
IRAS 12112+0305,183.44186,2.81147,0.073317,309.28578511679746
MCG +06-22-058,150.62879,32.71456,0.048951,202.96278904450818
NGC 3099,150.65232,32.70677,0.05053,209.7481944182157
NGC 4676B,191.54693,30.72273,0.021798,88.59216615456258
NGC 5256,204.57413,48.27642,0.027863,113.75602481633017
NGC 5256,204.57413,48.27642,0.027863,113.75602481633017
NGC 6045,241.28299,17.75775,0.033384,136.85515035070247
SDSS J121346.07+024841.4,183.44213,2.81151,0.073089,308.27500997470275
SDSS J162644.50+142250.6,246.68546,14.38075,0.0484,200.5984340045445
UGC 04457,127.99018,19.21151,0.037179,152.83863651867068
UGC 07064,181.18052,31.17727,0.025018,101.92440923432163
UGC 08327,198.81557,44.40753,0.035471,145.6343856905777
WISEA J015235.35-083236.5,28.1473,-8.5435,0.051651,214.57432264251946
WISEA J015235.98-083138.8,28.14996,-8.52746,0.051098,212.19262700164413
WISEA J083200.50+191205.9,128.0021,19.20165,0.037534,154.3381876595641
WISEA J090714.45+520343.0,136.81023,52.06196,0.059551,248.79359851415
WISEA J090714.59+520350.5,136.81079,52.06404,0.06024,251.79526596124145
WISEA J094554.39+423840.0,146.47663,42.64445,0.074534,314.6860446194671
WISEA J094554.48+423818.7,146.47703,42.63854,0.074824,315.97412530903574
WISEA J100133.68+033731.1,150.39033,3.62531,0.04372,180.58850321661978
WISEA J102141.89+130550.3,155.42458,13.09733,0.076485,323.36096228651803
WISEA J103855.95+392157.6,159.73314,39.36601,0.054632,227.44391042776434
WISEA J120157.72+295927.0,180.49054,29.99084,0.071959,303.2698560615899
WISEA J120157.90+295945.6,180.49127,29.996,0.071302,300.3631407847956
WISEA J134130.44-002513.7,205.37687,-0.42049,0.071313,300.41178689498105
WISEA J134133.37-002432.1,205.38904,-0.40893,0.071899,303.00430002528213
WISEA J145627.39+211955.9,224.11415,21.33222,0.044328,183.1807832727011
WISEA J145631.35+212030.1,224.13063,21.34171,0.043968,181.64561690561968
WISEA J145840.75+382732.8,224.66979,38.45912,0.136711,601.5845773649053
WISEA J145840.75+382732.8,224.66979,38.45912,0.136711,601.5845773649053
WISEA J162640.95+142243.5,246.67067,14.37876,0.04788,198.36873773052662
WISEA J221839.91-002402.0,334.66633,-0.40056,0.094779,405.7518688882692
WISEA J125651.33+163025.1,194.21391,16.50699,0.0041,16.440648915960097
OJ 287,133.70365,20.10851,0.3056,1480.4378130089428
2MASS J12574105+2023482,194.42107,20.39673,0.080618,341.80948508941117
S5 1928+738,291.95206,73.9671,0.3021,1460.8776289168284
WISEA J143016.03+230344.2,217.56679,23.06228,0.081054,343.7613197556072
PKS 1540-077,235.75703,-7.95184,0.172,773.6553212034399
ICRF J213410.3-015317,323.54296,-1.88812,1.285,8409.56639066388
ICRF J080512.8-011113,121.3037,-1.18717,1.39,9267.19998485351
2MASX J13564607+1026088,209.1921,10.43576,0.123134,537.1310990416083
2MASX J14480417+1825381,222.01739,18.42725,0.03784,155.6313601980808
SDSS J1322+2631SW,200.63275,26.53308,0.14386,635.9175204099636
WISEA J014209.01-005049.9,25.53758,-0.84722,0.132549,581.7216282573752
WISEA J084135.08+010155.8,130.39618,1.03219,0.110603,478.5263513866301
WISEA J085416.75+502631.9,133.56983,50.44221,0.095706,409.9768522443004
WISEA J095207.63+255257.3,148.0318,25.88261,0.338663,1667.801251343544
WISEA J112659.53+294442.9,171.74806,29.74526,0.101838,438.0450417005654
WISEA J123915.39+531414.4,189.81416,53.23736,0.201624,923.0171381352058
Mrk 0501,253.46757,39.76017,0.032983,135.17127151849135
Mrk 0501,253.46757,39.76017,0.032983,135.17127151849135
Mrk 421,166.11381,38.20883,0.030021,122.76305121990552
3C 066A,35.66505,43.0355,0.37,1849.5823931506475
Mrk 0501,253.46757,39.76017,0.032983,135.17127151849135
FBQS J2155-0922,328.75629,-9.37344,0.194,884.1586422632902
3C 273,187.27792,2.05239,0.158339,706.2756804765564
[HB89] 2155-304,329.71694,-30.22559,0.1167,506.9339772587921
Mrk 0501,253.46757,39.76017,0.032983,135.17127151849135
Mrk 0501,253.46757,39.76017,0.032983,135.17127151849135
BL Lac,330.68038,42.27777,0.0668,280.5119281515091
W Com,185.38204,28.23292,0.102,438.7893975867462
OJ +287,133.70365,20.10851,0.3056,1480.4378130089428
3C 066A,35.66505,43.0355,0.37,1849.5823931506475
[HB89] 0235+164,39.66221,16.61647,0.94,5712.771657216349
3C 446,336.44691,-4.95039,1.404,9382.673131159738
OJ +287,133.70365,20.10851,0.3056,1480.4378130089428
Mrk 0501,253.46757,39.76017,0.032983,135.17127151849135
[HB89] 0235+164,39.66221,16.61647,0.94,5712.771657216349
[HB89] 0235+164,39.66221,16.61647,0.94,5712.771657216349
Mrk 0501,253.46757,39.76017,0.032983,135.17127151849135
Mrk 0421,166.11381,38.20883,0.030021,122.76305121990552
NGC 4253,184.61048,29.81294,0.012882,52.00404111025542
ICRF J104807.7+005543,162.03227,0.92875,0.642579,3581.1001867194022
Mrk 0501,253.46757,39.76017,0.032983,135.17127151849135
WISEA J101022.95+141301.0,152.59567,14.21695,0.198908,909.1411193458766
ICRF J123932.7+044305,189.88648,4.71812,1.760639,12402.427198006468
ICRF J162546.8-252738,246.44538,-25.46065,0.784,4568.119494129478
WISEA J094712.77+762313.8,146.80322,76.38718,0.3541,1756.848506169227
WISEA J104827.61+714335.9,162.11508,71.72665,1.14,7251.667586015019
WISEA J095036.74+512838.0,147.65312,51.47725,0.214194,987.7080435078257
